Date,Customer Gain,Customer Loss,Marketing Spend,Customer Churn Rate,Customer Engagement,Seasonality,Competitor Activity,Economic Indicators,Customer Satisfaction
2022-01-01,40,10,1182,0.08076696369337034,1950,0.0,3,0.2960632790915534,3.9146722800621077
2022-01-02,15,15,1560,0.0934350353555832,2881,0.017213356155834685,3,0.30638743120057654,3.898468076440991
2022-01-03,94,31,1162,0.06694818460098173,3621,0.03442161162274574,2,0.7188009516040302,3.138802240445238
2022-01-04,29,14,2589,0.05014274620766717,4838,0.051619667223253764,1,-0.6191340902365785,3.6674924793473624
2022-01-05,49,31,4215,0.048383608299511376,4632,0.06880242680231986,2,0.03997558956418118,3.841582614483205
2022-01-06,11,11,1259,0.05895374254664772,4281,0.08596479873744646,3,-0.34705970841898237,4.194579966588648
2022-01-07,40,25,1727,0.09212618637324878,3555,0.10310169744743485,3,-0.19748438989602346,4.898341853134052
2022-01-08,77,48,1997,0.013378855437034006,1746,0.1202080448993527,3,0.4327849337852904,4.882160456744926
2022-01-09,87,43,3227,0.07422032766426027,3350,0.13727877211326478,3,0.8776205536361401,4.663923081719198
2022-01-10,88,13,1133,0.07658173592387511,2462,0.15430882066428114,3,-0.1018931895324798,3.3279537367489787
2022-01-11,82,23,1134,0.021900745788059502,2353,0.17129314418147756,4,0.11816068665147993,3.701969668857248
2022-01-12,36,22,2527,0.07804428640977096,2218,0.18822670984324422,2,0.16800404667030477,4.119737935641582
2022-01-13,74,36,3751,0.09100896986333545,1832,0.2051044998686192,3,-0.17602437452866196,4.161862202999572
2022-01-14,26,26,1443,0.07071959034089259,3615,0.22192151300416546,2,-0.3019219431676627,4.942162084625508
2022-01-15,18,13,1344,0.09241947871689693,1591,0.2386727660059501,4,0.19094905838459952,3.8901948891292557
2022-01-16,26,26,2454,0.05868012518652758,4372,0.255353295116187,3,0.005320071085067981,4.463035411866306
2022-01-17,51,22,1473,0.09270863276969732,3531,0.2719581575341055,1,0.3905535148420147,3.546368967045322
2022-01-18,50,36,1191,0.019573447274295438,1567,0.288482432880609,2,0.561372820797573,3.8644730048923597
2022-01-19,16,16,1312,0.051162580869484074,4330,0.304921224656289,1,-0.23307866295920945,4.813595366646087
2022-01-20,46,35,2916,0.09839566435402343,3187,0.3212696616923644,1,0.37634111012186544,3.2477332396353864
2022-01-21,14,14,2274,0.04782013075436203,2180,0.33752289959411325,1,1.2234891499597582,4.804123466595311
2022-01-22,49,46,2456,0.058209755635101675,2589,0.35367612217637157,2,-0.2894991574426426,3.1616413816475606
2022-01-23,11,11,2906,0.028877641196629937,3915,0.36972454289067314,2,0.518149028576293,3.6239506598468645
2022-01-24,61,30,2158,0.07854774961271165,4992,0.38566340624360707,3,0.940160426481676,4.454788767057949
2022-01-25,61,49,4097,0.02808146552851793,2501,0.401487989205973,3,-0.037681188160107605,3.539301845914627
2022-01-26,47,36,1998,0.05355922395799254,3616,0.4171936026123168,3,0.8426725127032219,3.1651317678832687
2022-01-27,38,38,3186,0.07097447628673165,2684,0.43277559255043113,2,0.5056711727110306,4.7167903388076775
2022-01-28,48,29,2747,0.03767374950174598,4695,0.4482293417404106,4,0.13286927900872136,3.2885508602899156
2022-01-29,67,41,3768,0.042807341368906265,3385,0.4635502709028509,3,-0.21107890876358254,3.1447099071779143
2022-01-30,41,41,4158,0.028247215683460503,4402,0.4787338401157884,4,-0.19590657031976808,4.180336340082453
2022-01-31,31,31,2796,0.049259240487331074,3930,0.49377555015997715,2,1.1113865081375682,4.0005464609026955
2022-02-01,71,31,4773,0.046771674403841765,2936,0.5086709438521044,3,-0.7261698521975245,3.0950956290322664
2022-02-02,74,47,1627,0.01877753050357103,2034,0.5234156073655503,2,0.059704236533345695,3.814010010708095
2022-02-03,34,24,1436,0.05670182401219107,2983,0.5380051715382996,1,-0.7329009054345654,4.002761035857791
2022-02-04,50,13,4435,0.03061855930887363,1939,0.5524353131676196,1,-1.063226911632197,3.3467590380497025
2022-02-05,40,40,1721,0.02725038947753298,4564,0.5667017562911175,4,1.0331280203927153,4.597480860536955
2022-02-06,29,11,3151,0.09856622604649613,3908,0.5808002734538008,1,0.5520375294864625,4.083651327699787
2022-02-07,68,30,3957,0.07640724932662947,1482,0.5947266869607633,4,0.5978803164277366,3.5854277243944788
2022-02-08,99,14,4317,0.05145798637887107,4744,0.6084768701151261,1,-0.5494696335569994,3.089629725505075
2022-02-09,21,21,4545,0.014313056952802782,4616,0.6220467484408675,3,-0.3155223328907892,3.7743232334531047
2022-02-10,57,20,2966,0.014271945188345155,2667,0.6354323008901773,2,0.03801116804422383,4.043583931253551
2022-02-11,59,21,1943,0.037582970216787547,3058,0.6486295610349814,3,0.2653657728370175,3.9052925017532196
2022-02-12,49,37,2039,0.057153408473214436,1523,0.6616346182422783,4,0.14232937949051097,4.967586019317209
2022-02-13,20,20,3260,0.06723103826719695,3565,0.6744436188329455,3,-0.33076550922529996,4.816807355584945
2022-02-14,43,21,2420,0.09518132458326814,2939,0.687052767223667,2,-0.28242244694146873,4.259283845451624
2022-02-15,40,9,4252,0.018968939449445246,2326,0.699458327051647,2,-0.5552169858002479,4.593142522899388
2022-02-16,77,6,3508,0.07091800173654106,4024,0.7116566222817746,4,0.07444316955568372,3.8356236457566695
2022-02-17,76,14,2207,0.06147924732819736,4516,0.7236440382959123,3,-0.05682185002081244,4.456805272629163
2022-02-18,90,29,1105,0.02087553434255159,1653,0.7354170229639855,1,-0.20421809026032015,4.86012502875346
2022-02-19,99,18,4724,0.09655395165107045,3126,0.7469720876965552,3,0.11958105679679129,4.220520761468757
2022-02-20,75,49,1607,0.06755054214991953,2655,0.7583058084785624,2,0.4901343155980363,3.7792702256063664
2022-02-21,92,40,3218,0.06525893084928729,1270,0.7694148268839378,2,0.532861717236581,3.071570349530461
2022-02-22,56,34,3749,0.051115899515332075,4204,0.7802958510707755,2,-1.1444838343008061,4.681501403515787
2022-02-23,36,36,4144,0.014210417050148609,2061,0.7909456567567772,1,0.5823157917624588,3.268621142943891
2022-02-24,58,13,1384,0.02473728199535811,4976,0.8013610881746766,2,-0.9297803346011702,3.525754436878053
2022-02-25,50,31,4711,0.09507895095432897,1289,0.811539059007361,1,-0.9890763134862507,3.955886249762367
2022-02-26,36,5,4828,0.08976292512717356,3754,0.8214765533024142,1,-0.3615813028715751,4.66483128311961
2022-02-27,73,12,2314,0.01420183845542873,1916,0.8311706263658079,2,-0.13916388982025427,3.5088626121669453
2022-02-28,89,32,4661,0.08915759702989215,2641,0.8406184056344781,2,0.5711440494380582,3.760025611553436
2022-03-01,66,11,4826,0.08328475801312282,2510,0.8498170915275278,2,-0.7819244024552052,3.271269196338539
2022-03-02,34,34,1771,0.059724087703133165,1069,0.8587639582758029,1,-1.168097526698484,3.1934682798980267
2022-03-03,60,20,1761,0.06118525763389366,4735,0.8674563547295969,3,0.31322865117676485,3.6677245015533697
2022-03-04,28,28,4587,0.03331345227258602,2769,0.8758917051442429,1,-1.1786369835515593,4.2731871614583685
2022-03-05,70,28,3835,0.07888030872367799,4427,0.8840675099433636,4,-0.3732061615168092,3.8732214631924844
2022-03-06,52,10,2037,0.09824677672590448,2665,0.8919813464595485,2,0.038870054039151336,4.31243879937498
2022-03-07,54,41,2500,0.09183641550551173,2037,0.8996308696522433,4,0.026284372529626978,4.817591340090114
2022-03-08,55,42,2664,0.06679515335350253,1818,0.9070138128026359,1,-1.641757241825631,3.7126408684332257
2022-03-09,80,45,3787,0.06634955741150182,2929,0.9141279881853337,2,-0.538034413679266,4.9505331023671815
2022-03-10,38,9,2675,0.031000600323135827,4380,0.9209712877166346,2,-0.27113351748538267,4.022579756361585
2022-03-11,97,15,2166,0.08192652914662153,2549,0.9275416835791966,1,-0.6053318557819611,4.135493072458849
2022-03-12,58,17,4805,0.026233608043857395,2845,0.9338372288229251,1,0.0479517229102964,4.276105905925139
2022-03-13,50,14,3470,0.08058975202767228,2866,0.9398560579418954,2,-0.05384424439606795,4.72591956875495
2022-03-14,83,41,3449,0.014012118886994794,3805,0.9455963874271425,4,-0.2288828960575637,3.3273853006561707
2022-03-15,14,14,1969,0.09790499684152901,4359,0.9510565162951535,1,-0.5387676532615507,3.4025807821227194
2022-03-16,83,32,3063,0.05752006061670203,3233,0.9562348265919056,4,0.6573839542591035,3.941184485760777
2022-03-17,69,24,1396,0.05185556247601718,4661,0.9611297838723007,4,0.2996211782616191,4.740302868844994
2022-03-18,38,38,3233,0.0639946026783127,3429,0.9657399376548549,1,-0.6161429463235862,4.94991525977591
2022-03-19,43,16,1982,0.04218833097833338,2679,0.970063921851507,3,0.5966826850533733,4.2007469271061355
2022-03-20,67,44,2348,0.06608802731585002,4874,0.9741004551724205,3,-0.6858683884225442,3.5649195061064916
2022-03-21,48,22,1571,0.013803613511887138,1835,0.9778483415056568,3,0.014475075768327489,3.6323828233166084
2022-03-22,24,11,3654,0.08672776086185914,1322,0.9813064702716093,1,-0.24074323239522297,4.031884806310551
2022-03-23,71,26,4773,0.07811499120685139,4110,0.9844738167520922,3,-0.4182004103410117,3.930890107436782
2022-03-24,46,15,4981,0.083854996440497,2869,0.9873494423939864,2,0.2078117737500245,3.079493772334066
2022-03-25,89,22,1942,0.03631435429040067,1130,0.989932495087353,2,0.16768453275797734,3.339992001401996
2022-03-26,67,47,2854,0.02964716790895172,2014,0.9922222094179323,4,1.0862041884661198,3.7382604501819934
2022-03-27,54,10,3553,0.0999631460999915,1104,0.994217906893952,2,0.4787982259938804,4.269058784250877
2022-03-28,16,16,1020,0.07221865545430252,1424,0.995918996147179,4,0.07729405196031014,4.179223924960595
2022-03-29,83,10,4795,0.04248618579430991,2670,0.9973249731081555,1,0.5645795593829629,4.834905188490504
2022-03-30,63,41,1823,0.06806875314746436,1586,0.9984354211555643,2,0.8175628487065368,4.810389143903863
2022-03-31,24,24,2574,0.0749389270977815,4798,0.9992500112396835,1,-0.3873491903327656,4.095504689086043
2022-04-01,25,25,3405,0.09747379747893833,1767,0.9997685019798909,4,-0.3469687370705954,3.831602843435313
2022-04-02,94,10,3985,0.051388213798855525,4915,0.9999907397361901,3,-0.1437038401054247,4.81032718421312
2022-04-03,64,40,1342,0.09034425551782867,3162,0.9999166586547379,1,0.18352438595820322,3.6636787462294538
2022-04-04,79,19,2806,0.04653214753248957,3476,0.9995462806873573,1,-0.7694971712517037,3.6333726765993144
2022-04-05,18,18,2143,0.07780819722501879,3251,0.9988797155850336,1,0.18513380353648062,4.014368078004431
2022-04-06,51,47,4181,0.050077662567687385,3023,0.9979171608653922,4,0.8742476557111254,4.429493992247264
2022-04-07,80,10,3868,0.09889071025231994,2243,0.9966589017541702,3,-0.8526579021985063,3.1863415370758625
2022-04-08,95,28,2294,0.0924964294393314,4619,0.9951053111006976,1,-0.22570028822214602,3.0083461271534206
2022-04-09,41,26,3998,0.06925080613066785,4856,0.9932568492674143,1,0.7797341435838223,3.197113310763342
2022-04-10,12,11,4427,0.04042441252889659,1468,0.9911140639934547,1,-1.0185289989428636,3.967215908944805
2022-04-11,42,6,3777,0.010367115947835409,2959,0.9886775902323405,1,0.3429293746361743,4.109571503485038
2022-04-12,77,5,3187,0.018957077494986763,4526,0.9859481499638304,1,0.4501720691948082,4.219449226188452
2022-04-13,88,35,4107,0.01979484468010298,3507,0.9829265519799822,4,0.36323946259952405,3.0141127701288566
2022-04-14,65,14,3248,0.029806158708444393,2903,0.9796136916454901,1,-0.5226478582228598,3.9316242950440223
2022-04-15,66,36,4976,0.032175202270559984,3929,0.9760105506323683,1,-0.4825354842693707,3.94580587824104
2022-04-16,98,48,3780,0.011099535907024833,3151,0.9721181966290613,2,0.4075159329492474,3.339985333765985
2022-04-17,58,40,3423,0.029718935381400115,2539,0.9679377830240643,1,-1.1629864595491888,3.286032163172962
2022-04-18,37,26,2396,0.014168553361988929,2787,0.9634705485641488,4,0.425386082100757,3.949053430536437
2022-04-19,70,6,2075,0.032916548938872206,1885,0.9587178169872964,2,0.16304504370425943,3.3021349301924348
2022-04-20,47,27,1220,0.04978038811388007,2985,0.9536809966304457,1,0.1332374797111929,4.526063271105202
2022-04-21,27,27,3809,0.032106427488753794,1480,0.9483615800121716,2,0.68183389299974,4.861814781696949
2022-04-22,92,45,3282,0.044647336242674064,2503,0.9427611433904208,3,-0.5881632200258913,3.810258436655639
2022-04-23,29,29,3300,0.08153673298722539,2521,0.9368813462954315,4,0.25393072573044306,3.596614647562151
2022-04-24,78,38,2715,0.09166349077219045,3191,0.9307239310379795,2,-0.8149009153729886,3.8666155905765835
2022-04-25,59,33,3702,0.057907709478411395,4775,0.9242907221930933,2,-0.33317246941937384,4.969050156857165
2022-04-26,52,6,2321,0.049862743941198696,1389,0.9175836260593938,2,0.4465194410737156,3.8796237817843378
2022-04-27,31,31,3747,0.08902960050073931,1444,0.9106046300942163,2,-0.12062172239733593,4.471456320522075
2022-04-28,52,32,2465,0.031531207158135045,2039,0.9033558023246845,3,-0.2949665435361667,3.730986487395514
2022-04-29,51,10,2085,0.0792421111126001,4345,0.895839290734909,2,-0.3331025660803053,3.6562430915865836
2022-04-30,47,28,1258,0.03595833068804888,4387,0.8880573226294932,4,0.07866045717643246,3.0452007675387245
2022-05-01,17,17,3651,0.01784739056754297,3680,0.8800122039735357,3,-0.12665480952612096,4.804627399619134
2022-05-02,92,20,4117,0.053051225358593336,1496,0.8717063187093218,3,0.597097831748838,3.501815968926772
2022-05-03,58,6,4675,0.05822349927352066,2799,0.8631421280499114,3,0.5233932325751777,4.002607982449622
2022-05-04,74,36,2697,0.09669056421745961,3300,0.854322169749827,1,-0.24883790459695035,4.567504615726886
2022-05-05,12,12,1872,0.06390058153020571,3516,0.8452490573530633,2,-0.4238359349123515,3.6988467839660135
2022-05-06,57,9,1831,0.012335196131143786,3895,0.8359254794186372,3,-0.31648017763127306,3.5231962780558232
2022-05-07,47,42,1508,0.039655746289420445,1885,0.8263541987239096,1,0.3724765723281526,4.342530736370007
2022-05-08,42,42,2088,0.05803649923271562,3067,0.8165380514459161,4,-0.15869766301783533,3.3418132638125932
2022-05-09,81,40,2757,0.08543912205507462,1494,0.8064799463209448,2,0.03807055677591238,4.6132433430784054
2022-05-10,46,41,1422,0.06985107275809231,3768,0.7961828637826158,3,0.11091875572343517,4.507435789442652
2022-05-11,37,33,4472,0.0576512517346311,3243,0.7856498550787147,4,-0.5142836473603063,3.1164249175877075
2022-05-12,40,10,2609,0.07836928920629256,2247,0.7748840413670407,2,-0.6046010592366603,3.7959872986627783
2022-05-13,43,24,3653,0.04878745879601535,1613,0.7638886127905428,2,-0.4110515223733349,4.671922995580621
2022-05-14,97,28,4202,0.08403192253126354,4530,0.7526668275320085,2,-0.462292728309437,4.804837894895943
2022-05-15,22,22,2887,0.09250271358234838,4842,0.7412220108485958,1,-0.3879244974475599,3.854252680521948
2022-05-16,86,5,4413,0.09236488301928149,2516,0.7295575540864878,4,-0.01063785696498193,3.259674540539316
2022-05-17,82,40,3716,0.01639116981321707,1114,0.717676913675962,2,0.11543288672065496,3.17381956368811
2022-05-18,11,11,2930,0.05484701415678412,4627,0.705583610107178,4,0.7656246453863442,4.334004140183063
2022-05-19,80,21,3245,0.07777652110170678,3289,0.6932812268869777,4,-0.2541483720066754,3.92587996059621
2022-05-20,55,16,4959,0.038765506785348625,2003,0.6807734094770165,3,-0.4170511908243421,4.335728537589109
2022-05-21,80,28,1300,0.025109660132907538,1153,0.6680638642135338,3,0.30579514751943143,3.969748888170036
2022-05-22,55,43,2874,0.01985608923255204,1208,0.6551563572090853,1,0.3710012550926514,3.6064586949066935
2022-05-23,82,5,3052,0.018202007544518266,4519,0.6420547132365637,3,-0.07980992485865604,3.9112303353172857
2022-05-24,80,25,1752,0.07061811000756102,2265,0.6287628145958347,3,0.20001248095270208,3.1690802303623857
2022-05-25,70,49,3835,0.059656475952809686,2861,0.615284599963328,1,-0.024851552963503314,3.5834507125326573
2022-05-26,56,41,2604,0.040877709018402125,4564,0.6016240632249229,4,0.2823857533053666,3.764524851910906
2022-05-27,59,30,1704,0.058288293234142974,3262,0.5877852522924732,4,0.7936983938074121,4.775494324636529
2022-05-28,54,25,4561,0.022438639066481754,2449,0.5737722679043249,4,-0.7740476593667743,4.516687708346887
2022-05-29,50,48,3371,0.04472066216943927,3371,0.5595892624101769,2,-0.480346279865042,3.0016703603624393
2022-05-30,26,8,1372,0.034179230771634886,1377,0.5452404385406513,4,-0.5104729127608012,3.601718059982903
2022-05-31,20,20,1835,0.0160432087744352,2305,0.5307300481619337,4,-0.18541016923803033,4.522387460671015
2022-06-01,54,47,1579,0.04980767962250231,3951,0.5160623910158528,3,0.9145674249966731,4.319959282957896
2022-06-02,27,27,4928,0.09037516997306218,2882,0.5012418134457758,1,0.16162532226372475,4.4793412416436285
2022-06-03,68,15,1021,0.06428327405083484,2557,0.4862727071086904,2,-0.317707638208409,3.0523781210789007
2022-06-04,49,39,2892,0.04910322620091492,1143,0.47115950767386416,4,0.0392390373284936,3.564748219696127
2022-06-05,80,9,2532,0.07081590793093898,2585,0.4559066935084592,2,-0.4291747251774842,3.656443199806039
2022-06-06,64,5,4475,0.05802711645318304,3324,0.440518784350495,4,0.11919491130825806,3.5243818561754097
2022-06-07,56,33,2187,0.08958720778192315,2223,0.42500033996955416,1,-0.3042617048407953,4.581716301195191
2022-06-08,38,36,3463,0.09808318810090474,2069,0.40935595881562176,1,0.24778529963865348,4.447906603926058
2022-06-09,59,27,4126,0.06905735813051567,2429,0.3935902766564671,4,-0.1613413589398604,3.643115459381339
2022-06-10,17,14,2621,0.038488645270412014,1648,0.3777079652039653,3,0.6121137513464164,4.984267420021352
2022-06-11,74,49,2302,0.05818960413351406,1089,0.36171373072976765,3,0.18440953911051852,3.483170190010185
2022-06-12,85,25,4791,0.013733720456253201,4656,0.3456123126707335,3,0.36958359327585105,4.521398974624955
2022-06-13,83,27,1735,0.04194090770391158,2478,0.3294084822245304,1,-0.15520409996844162,4.91189125446118
2022-06-14,25,23,4741,0.06321868866640425,1213,0.3131070409358269,2,-0.07561868089974463,3.478277187233994
2022-06-15,89,37,1467,0.08280265173755978,1046,0.2967128192734903,1,0.28399444039053723,3.7712419318057036
2022-06-16,54,30,1163,0.0699565791686913,3577,0.2802306751992163,4,-0.3767919625793574,4.805949973729174
2022-06-17,31,31,2631,0.0977999179490831,2597,0.2636654927280075,3,-0.8890203541673578,4.905021764332362
2022-06-18,12,9,3969,0.08370204256948295,3678,0.24702218048093594,4,0.09665279379402676,4.477907303642489
2022-06-19,32,17,1423,0.07786511505503246,2807,0.23030567023061266,2,-0.30503940495950965,4.76125744184439
2022-06-20,76,46,1818,0.09476941363384467,3269,0.21352091543979612,3,-0.1737052587248114,3.2544709506402483
2022-06-21,48,35,1609,0.020039677913352913,1348,0.19667288979357647,1,0.45317792074100255,3.9013356970081805
2022-06-22,61,21,2379,0.08503730757583128,3178,0.1797665857255624,1,0.41177033658804313,3.30664183322504
2022-06-23,24,17,1939,0.051835958296563775,2113,0.16280701293851715,2,0.12424309480555767,4.512549211969139
2022-06-24,44,10,1660,0.09878967914318797,1418,0.1457991969198751,1,0.7685129806155341,3.401995523089259
2022-06-25,20,20,2029,0.015062213471020651,1181,0.12874817745258088,1,0.46147293149428825,4.7641577027024615
2022-06-26,33,33,3001,0.07166836491559313,3533,0.11165900712169467,1,0.14871544468098258,3.0502530447720395
2022-06-27,47,33,1881,0.08101730052259386,2678,0.09453674981719956,1,-0.46433993047934086,3.755519141629525
2022-06-28,55,40,2620,0.07458961551179302,4131,0.07738647923346345,3,-0.5188220173052341,4.570422849494282
2022-06-29,68,19,1426,0.09169737769189833,1277,0.06021327736579347,3,0.1360532709629525,4.653464139726216
2022-06-30,45,41,1674,0.041182388477740466,1665,0.04302223300453059,4,0.5048426244139586,3.669371813667002
2022-07-01,50,35,4179,0.08161740389553512,1386,0.02581844022713308,4,-0.38180216550192947,3.0932026659724166
2022-07-02,41,33,4790,0.040839454846175134,4804,0.008606996888688698,2,-0.8389398629761692,3.3574031364454253
2022-07-03,23,22,4158,0.06147499543955105,2505,-0.008606996888688009,4,-0.39124513612156625,4.092861627252393
2022-07-04,45,24,1074,0.04691742152719316,4644,-0.02581844022713239,2,-0.4806378250613375,3.620459230325065
2022-07-05,90,20,4250,0.08066583124876399,4649,-0.04302223300453034,1,-0.24027634942453827,4.317798632217614
2022-07-06,64,13,2186,0.06207217026411742,3311,-0.060213277365792774,1,0.16946446370820936,3.443815355678154
2022-07-07,31,31,2689,0.06509320679156226,1151,-0.07738647923346277,4,-0.6880167793478404,3.562596207600377
2022-07-08,94,20,4773,0.073165618243729,1866,-0.09453674981719888,3,-0.14034976017494272,4.549788287142834
2022-07-09,39,24,3087,0.017567067218722532,2685,-0.11165900712169399,3,0.2191599097963411,4.915745133458065
2022-07-10,15,15,2499,0.09710703644015768,2464,-0.12874817745258066,3,0.7012254697117372,4.343556119038687
2022-07-11,33,23,4089,0.029443785835260673,3794,-0.14579919691987442,2,-0.13190966046668878,4.949924292308197
2022-07-12,55,20,2281,0.05982293356105696,1834,-0.16280701293851646,2,-0.6679404906103024,4.530521238518121
2022-07-13,74,33,4943,0.08211615945477452,3366,-0.1797665857255617,2,0.126356608083944,4.679783097493979
2022-07-14,56,33,4975,0.06227998958716988,1657,-0.1966728897935758,3,-0.2122421033169461,4.607413988769564
2022-07-15,63,14,3398,0.036166989968312656,4534,-0.2135209154397959,2,-0.5246599014457284,4.4020935799533545
2022-07-16,34,26,2482,0.04670447182321658,2002,-0.23030567023061196,2,-0.30724367966032956,3.8095476897322857
2022-07-17,59,25,4787,0.0862584707663221,2471,-0.24702218048093527,3,0.2464309724599166,3.4467050665918375
2022-07-18,61,16,4391,0.011088711981340139,3190,-0.2636654927280068,1,-0.08163517940860152,4.055600234102437
2022-07-19,36,36,3544,0.04172443700266433,3600,-0.28023067519921563,4,0.3584587200976702,3.3968769006283677
2022-07-20,57,42,3371,0.04185906566718853,4849,-0.2967128192734901,3,-0.3705592025014361,3.7622851149272556
2022-07-21,52,33,3009,0.05725705526664291,4023,-0.31310704093582625,2,-0.625253208479494,4.446648224297435
2022-07-22,98,12,2119,0.0845691818945286,3875,-0.3294084822245298,4,-0.44356818111912255,4.422122606190937
2022-07-23,58,19,3461,0.04394536673036404,2628,-0.34561231267073284,3,0.7911324088008186,3.014750393726036
2022-07-24,96,38,3827,0.08810685887192288,3835,-0.361713730729767,4,0.27704655789332994,4.764001356179281
2022-07-25,97,14,4345,0.014396501368483833,2990,-0.37770796520396466,1,-0.22517206354758124,3.2282484346720874
2022-07-26,17,17,1960,0.03028029709807567,1335,-0.39359027665646645,4,0.5463879553078123,4.4103048278956845
2022-07-27,21,21,2877,0.048995695695772265,2956,-0.4093559588156211,2,-0.5192122711132068,4.877912839447326
2022-07-28,92,25,1195,0.04633823525829147,4592,-0.4250003399695535,2,-0.09809741569439,4.303789300214701
2022-07-29,65,9,2161,0.04845100745283311,3600,-0.4405187843504944,1,0.25110759187828696,4.949079790822589
2022-07-30,94,22,2877,0.060395253815991964,4355,-0.4559066935084586,4,0.25827410794256433,4.730919910445793
2022-07-31,69,36,2115,0.027881058947980576,4920,-0.47115950767386355,4,-0.4643205074377016,4.447602473633863
2022-08-01,62,16,3885,0.08364786924315076,1667,-0.4862727071086898,1,-1.0072639152391607,4.218234658407379
2022-08-02,98,6,3274,0.0130674079677645,3394,-0.5012418134457751,4,-0.6397019462134841,4.11661379133766
2022-08-03,17,17,3363,0.09640822959675738,2754,-0.5160623910158523,4,0.4639903471840416,3.0914100462864034
2022-08-04,84,32,4334,0.03015982407454699,4117,-0.5307300481619331,4,-0.9788555365771026,4.557007632104637
2022-08-05,31,26,3371,0.09157835672576783,2461,-0.5452404385406507,3,-0.3538744584499926,3.2648766428830007
2022-08-06,28,28,1270,0.014575898874944083,3901,-0.5595892624101763,1,0.6250660611675324,4.522660583531271
2022-08-07,73,37,2630,0.05323490994010165,2908,-0.5737722679043243,1,-0.7745116293643516,4.2182336662377296
2022-08-08,93,11,3077,0.076672837676168,4368,-0.5877852522924727,4,-0.3824407399479173,3.0937014744913087
2022-08-09,54,30,4778,0.08390874462489166,2653,-0.6016240632249223,2,-0.5338951327743882,3.1968287041615513
2022-08-10,76,43,2062,0.03608380434325618,4039,-0.6152845999633274,1,-0.17302054895864738,4.817619371285851
2022-08-11,28,10,2051,0.07658250534310254,3565,-0.6287628145958342,1,-0.31938692109966915,4.215948898585748
2022-08-12,16,16,3102,0.09696312144242483,4603,-0.6420547132365633,1,0.36854753913075,3.355896138365309
2022-08-13,12,12,2897,0.029490941393063283,3621,-0.655156357209085,3,-0.6412679077621009,4.421992200374972
2022-08-14,38,29,4686,0.02586214601068948,1718,-0.6680638642135333,2,0.7835510185186529,3.873568318101574
2022-08-15,66,31,2223,0.011489908502736474,3826,-0.6807734094770159,3,0.5713726071800382,3.968130832029776
2022-08-16,22,14,3294,0.08128825879849937,1879,-0.6932812268869771,3,0.47498759589949135,3.7966472238312603
2022-08-17,95,10,3456,0.07834522590148704,4742,-0.7055836101071774,4,-0.5293706309771622,3.689519254799028
2022-08-18,64,27,2804,0.04584402007065487,4349,-0.7176769136759618,4,0.0856558479468061,3.7441905388955816
2022-08-19,19,19,1781,0.02122707531770556,1882,-0.7295575540864874,4,0.38827263216301494,3.297175774416846
2022-08-20,97,18,4365,0.08381941935615182,2695,-0.7412220108485954,4,0.13254630277843174,4.578550578985547
2022-08-21,72,7,2931,0.03658007352444392,3279,-0.7526668275320081,4,0.1335668922541264,4.185012302466859
2022-08-22,19,19,4302,0.08295516695954912,1638,-0.7638886127905423,3,0.5134616852275521,3.7616844325955974
2022-08-23,99,48,2892,0.09584070665873592,4239,-0.7748840413670406,4,-0.04047513774763431,4.734727853529758
2022-08-24,28,28,3172,0.0657382025806496,3566,-0.7856498550787139,1,0.45266214518695913,4.072065879954588
2022-08-25,10,10,4937,0.08168459385141422,4532,-0.7961828637826154,4,-0.11310877165072798,4.269510628750178
2022-08-26,59,7,3793,0.05820649848886177,3144,-0.8064799463209447,2,0.06486092588849111,4.758544162246212
2022-08-27,16,16,3744,0.03647482145099927,2384,-0.8165380514459157,2,0.2947633997405479,4.744037939750527
2022-08-28,84,29,4476,0.08413986014536126,4777,-0.8263541987239094,4,0.7863926970901147,4.7561780263396045
2022-08-29,11,5,1007,0.017319378934509768,1362,-0.8359254794186365,2,0.002049181717533131,4.637747275195092
2022-08-30,64,29,1709,0.01795483513869486,2002,-0.8452490573530629,4,-0.5679090676445828,3.8830909949971426
2022-08-31,68,25,1343,0.031024078721436102,4089,-0.8543221697498269,2,-1.000509424645371,3.0112667827763175
2022-09-01,11,11,4937,0.05743958521587165,1150,-0.8631421280499111,4,0.398749395167677,3.1411649520240092
2022-09-02,50,11,3925,0.0795605868724577,3093,-0.8717063187093217,1,-0.4993516725076221,4.706494494456415
2022-09-03,69,20,2962,0.05826146937352153,3737,-0.8800122039735352,4,0.3553197691833761,3.6669921754968504
2022-09-04,49,5,1099,0.037692076193418106,3453,-0.888057322629493,3,-0.3569110656946389,4.376257233847879
2022-09-05,26,9,2853,0.04668117602040591,4401,-0.8958392907349089,4,-0.1352324904991482,3.331060922981206
2022-09-06,16,16,2327,0.06883375855285022,1041,-0.9033558023246842,3,0.6699041833028148,4.197359264535243
2022-09-07,97,36,1764,0.08203127374106244,2097,-0.9106046300942162,1,-0.24243454371277992,3.0923904491959293
2022-09-08,40,29,2280,0.06990131106723632,2124,-0.9175836260593934,4,0.18956995719411077,3.986813873879333
2022-09-09,69,18,4864,0.018846532626721906,3674,-0.924290722193093,4,-0.35558038583822776,4.403995074136526
2022-09-10,35,6,4011,0.048958487702982674,4609,-0.9307239310379793,4,-0.6788595092769926,3.7803466136081685
2022-09-11,32,32,2085,0.07762285993947353,2023,-0.9368813462954313,4,-0.1505534436463951,4.2085822551856875
2022-09-12,89,46,2612,0.04784171053940528,4918,-0.9427611433904206,1,0.2396293104856184,3.2487927508459506
2022-09-13,28,7,1666,0.0793348038513651,3080,-0.9483615800121713,3,0.1885022563137756,3.936557775693859
2022-09-14,26,26,3999,0.012881065839359645,1442,-0.9536809966304455,2,0.33554918772636816,4.57651831855747
2022-09-15,50,24,4138,0.07712566686850816,1879,-0.9587178169872964,4,-0.004994930596440668,4.3006800881102905
2022-09-16,91,14,2936,0.058830492806215905,3489,-0.9634705485641486,1,-0.3320023006654757,3.3952716356852886
2022-09-17,37,12,2491,0.030126370040004617,4314,-0.9679377830240642,4,0.39001743514495824,4.48851027738683
2022-09-18,84,31,3365,0.02633579150405109,4138,-0.9721181966290612,1,-0.23319580911134966,4.930138066543594
2022-09-19,61,20,1093,0.06575380057081334,3279,-0.9760105506323682,2,-0.8098136736815916,3.363766832895423
2022-09-20,25,7,3775,0.05799789625016347,3969,-0.9796136916454901,4,-0.4032693165487624,3.6911695457918507
2022-09-21,37,11,4773,0.09382861750593474,4847,-0.9829265519799821,1,-1.3252869567914662,3.111566429610602
2022-09-22,35,19,3062,0.0795688133838867,3386,-0.9859481499638303,3,-0.03222084748821518,3.999182431494196
2022-09-23,60,45,3543,0.026688992732111824,4354,-0.9886775902323403,4,0.27786666983536695,3.741265292327125
2022-09-24,55,20,4813,0.09787235601036083,1268,-0.9911140639934546,3,-0.9466410150114382,3.9325830401231125
2022-09-25,86,22,2889,0.06968108687362887,4895,-0.9932568492674143,4,0.7293929217410104,3.9987962026977737
2022-09-26,61,49,2463,0.07009564402143406,1319,-0.9951053111006974,2,0.6114357270952241,3.581758967447658
2022-09-27,66,49,1049,0.06785038302582327,1080,-0.99665890175417,4,0.3289243149032727,3.803556949865821
2022-09-28,39,14,4674,0.036736006028966116,1486,-0.9979171608653922,2,0.5719833572878245,4.396667564194786
2022-09-29,81,31,2589,0.012397815085474601,4152,-0.9988797155850335,4,-0.3511397301791549,4.652535874069914
2022-09-30,19,19,3315,0.07944194491596884,4251,-0.9995462806873573,4,-0.599716178954698,3.5881494161286023
2022-10-01,72,5,1450,0.019026613190401245,4113,-0.9999166586547379,1,-0.1461210295656697,3.7590928503126815
2022-10-02,70,49,2475,0.060155661798712,1889,-0.9999907397361901,4,-0.254226440597534,4.2622988402492
2022-10-03,58,21,2043,0.07368961627366064,2792,-0.9997685019798909,4,-0.15779330225401336,3.9127759488806304
2022-10-04,54,29,3580,0.0472800708011055,4602,-0.9992500112396835,4,-0.6247943128723291,4.162793614245251
2022-10-05,44,44,2396,0.061507903341972155,4172,-0.9984354211555643,4,0.40101458329215817,4.452974555727865
2022-10-06,56,22,2109,0.03943453225938289,2087,-0.9973249731081556,3,-1.0571556675679132,4.415517269160544
2022-10-07,77,28,2449,0.017447312792615036,2537,-0.9959189961471792,3,0.5118300047425265,3.651434877758482
2022-10-08,76,30,3339,0.03498291920622659,4163,-0.9942179068939521,2,0.29271896433172784,4.212968906525121
2022-10-09,25,25,4221,0.033434218502156506,2317,-0.9922222094179324,3,1.7631288260334734,3.2843382303512714
2022-10-10,54,22,4474,0.05368638217422458,1069,-0.989932495087353,4,-0.43622971866363236,4.162070011086326
2022-10-11,85,10,1405,0.023608031197648507,2808,-0.9873494423939865,2,-0.4770372184365121,4.942856968323806
2022-10-12,50,41,1197,0.058745485804832374,1484,-0.9844738167520923,3,0.24901758011303707,3.953570181799626
2022-10-13,26,26,4830,0.05277786413814255,3614,-0.9813064702716096,2,-0.30041110833587337,3.970305326012633
2022-10-14,93,7,4991,0.014914402224680032,3995,-0.9778483415056569,4,-0.4047717988740173,3.4371766477800128
2022-10-15,23,13,2819,0.01759585121847872,3920,-0.9741004551724206,3,-0.13371668044678123,3.923361755225793
2022-10-16,17,17,4113,0.03796213244126143,4698,-0.9700639218515072,1,-0.8195020266092212,4.438323018897471
2022-10-17,70,44,1202,0.03150568603350523,3542,-0.965739937654855,1,0.6369196370777221,3.4314328102243463
2022-10-18,75,11,4982,0.060516189830282584,1093,-0.961129783872301,2,0.5739631680935983,4.136731201734773
2022-10-19,48,40,3837,0.0222832729609062,1814,-0.9562348265919058,2,-0.1225435786110622,4.026897061778537
2022-10-20,37,10,2879,0.07390841332641254,2064,-0.9510565162951536,4,0.3635110753725153,3.4454304456532268
2022-10-21,39,13,2512,0.04357009751804544,2654,-0.9455963874271428,1,-0.24274406701598264,3.5858151004717564
2022-10-22,73,35,3127,0.011393850032470586,1029,-0.9398560579418956,2,0.23839387843308055,4.915974557172411
2022-10-23,82,24,1974,0.01701153324329236,3280,-0.9338372288229255,4,-0.6075861448911187,4.659256973462344
2022-10-24,67,49,3366,0.056729171620151383,4258,-0.9275416835791969,2,0.8735714431977964,4.992652338925551
2022-10-25,41,15,1625,0.013393782191958121,3638,-0.9209712877166347,4,0.5797079259551898,4.034078018868933
2022-10-26,44,44,1604,0.05352606709353326,2826,-0.9141279881853341,3,-0.32191668189781786,3.9362969901319
2022-10-27,18,18,4155,0.09890384976557542,3017,-0.9070138128026362,2,-0.1276187636271105,3.4945751027369343
2022-10-28,91,39,2696,0.026076035509676652,2591,-0.8996308696522438,2,-0.6853331980342846,4.199267078812584
2022-10-29,33,7,3326,0.09396040231548737,3467,-0.8919813464595487,1,-0.5939056923715346,3.6536372634207592
2022-10-30,68,31,1304,0.07289650509607533,3917,-0.8840675099433637,3,0.3953844395743725,3.0673932229806833
2022-10-31,31,20,3342,0.016332529727171224,1854,-0.8758917051442433,4,0.20410293313046007,3.4569051820599985
2022-11-01,93,27,3319,0.03175826712994154,1216,-0.8674563547295971,3,-0.6968350088847701,4.743265651095707
2022-11-02,22,22,4890,0.056089415032606726,4744,-0.8587639582758035,1,0.17715356305419383,4.053032950630737
2022-11-03,80,26,1789,0.03301986713623852,1020,-0.8498170915275282,1,-0.48094315287655837,4.135743203706102
2022-11-04,89,19,1062,0.0647948528462892,1010,-0.8406184056344783,4,-0.09946469822757534,4.119403527101669
2022-11-05,46,7,2560,0.012817570772680949,3016,-0.8311706263658084,4,0.6308187507291528,3.7698250353817064
2022-11-06,27,27,3987,0.055516138378394156,2400,-0.8214765533024145,4,0.8353767367082475,4.718010464065735
2022-11-07,24,24,2580,0.05761818049940213,2306,-0.8115390590073616,3,-0.11448672678864878,4.1132711710671686
2022-11-08,34,16,3331,0.06421672088342915,4585,-0.801361088174677,2,0.32891932226688697,4.475345413106887
2022-11-09,34,23,2505,0.025563918044239506,2419,-0.7909456567567774,4,0.5640539475083789,4.966623647469925
2022-11-10,22,22,1589,0.0714864382011569,4382,-0.780295851070776,3,-0.6843110155805346,4.446408046982243
2022-11-11,57,6,4327,0.06917192750176357,2300,-0.7694148268839381,2,-0.2693425243726506,3.135030594973038
2022-11-12,69,45,3224,0.06556844554968518,2485,-0.7583058084785631,3,-0.4872022939441484,4.310819776197676
2022-11-13,60,24,2493,0.08874341857923984,1979,-0.7469720876965558,4,-0.6469832493932279,3.059566428295759
2022-11-14,22,5,1649,0.03540302433951492,4625,-0.7354170229639858,3,0.3873191939320817,4.307885098481378
2022-11-15,13,7,2163,0.055532859422218035,1825,-0.723644038295913,3,0.3822789606638028,4.8477218110713824
2022-11-16,59,9,4773,0.056091817199190507,1414,-0.711656622281775,1,-0.18658019896457956,4.273526565092196
2022-11-17,61,30,1228,0.05699677774176984,2343,-0.6994583270516478,2,-0.6896171734458639,4.077508953251027
2022-11-18,24,20,3802,0.017600809721254256,4737,-0.6870527672236675,2,-0.2644420083911482,4.01588607677391
2022-11-19,89,35,2587,0.03613829186504109,3333,-0.6744436188329457,2,-0.12058055815899196,3.507688879494748
2022-11-20,27,22,1114,0.0754801538882889,2861,-0.661634618242279,2,0.7846112334213988,4.446293662537864
2022-11-21,45,41,4424,0.014589841177115221,3020,-0.6486295610349818,4,0.05274505357451999,4.220789084846661
2022-11-22,96,34,2466,0.09559062716481016,4071,-0.6354323008901775,3,-0.6606066397338378,3.0929887950647785
2022-11-23,41,7,4229,0.061704161628801685,1929,-0.622046748440868,2,-0.3163152592554703,3.39251984722692
2022-11-24,37,34,1521,0.03492504573370683,1733,-0.6084768701151264,2,-0.4095194637139479,3.7297599490620943
2022-11-25,47,25,2718,0.08812784225839448,2508,-0.594726686960764,2,-0.5248919713360197,3.907379599693674
2022-11-26,66,40,1556,0.022909163410603596,2432,-0.5808002734538013,4,-0.22326197964413455,3.9294121554120163
2022-11-27,70,31,2620,0.09833044115342132,4934,-0.5667017562911177,4,-0.7590775722833969,4.167628521268967
2022-11-28,47,33,4145,0.07816701050595529,2003,-0.5524353131676203,2,0.3840725989118432,4.946396666313461
2022-11-29,78,41,2338,0.06779135660335081,1634,-0.5380051715383,2,-0.10756371998614381,3.5169505093120463
2022-11-30,62,29,1952,0.09426721536167489,1695,-0.523415607365551,3,-0.07791590372951566,4.204121027568258
2022-12-01,85,34,2673,0.0830356719287224,2716,-0.5086709438521049,1,-0.25085202200550766,3.0353576092781442
2022-12-02,25,25,3406,0.011990039003415325,3303,-0.49377555015997737,4,-0.4855162937705487,4.81248767705711
2022-12-03,55,21,3609,0.06836748086034655,4466,-0.47873384011578907,3,-0.6445420316085837,4.211337548122728
2022-12-04,20,20,2400,0.013860481458998836,4558,-0.4635502709028512,4,0.1897169790726207,3.5173247943086117
2022-12-05,57,17,2488,0.039916728853635654,4305,-0.4482293417404114,2,0.3930459917137837,3.4561549384791594
2022-12-06,18,17,2711,0.023869123555175373,3172,-0.4327755925504317,2,0.04407443677735321,4.811368884725975
2022-12-07,59,16,1687,0.018473527866251793,3093,-0.41719360261231697,4,-0.23856861546744595,3.960777966868971
2022-12-08,82,21,1015,0.04605525780948083,1725,-0.4014879892059737,2,0.20030950306591258,4.0050854715332225
2022-12-09,71,33,4264,0.03979976318988247,3455,-0.38566340624360745,4,-0.20194755908041534,3.7739102129090405
2022-12-10,11,11,2574,0.05696364291076595,1128,-0.369724542890674,2,-0.3086518193999602,4.154457981575121
2022-12-11,57,18,3072,0.015896639710807924,4688,-0.35367612217637207,3,0.041257217453153534,3.5356692088817754
2022-12-12,62,32,1088,0.012869820227907645,4698,-0.33752289959411347,1,-0.28492880337151844,3.5044486186527357
2022-12-13,27,27,4050,0.08240245212314821,3249,-0.32126966169236515,1,-0.29988875999057424,3.417178280893829
2022-12-14,58,11,4733,0.07133246843994147,3803,-0.3049212246562894,4,-0.18754266158814714,4.825421198777787
2022-12-15,63,26,2369,0.03303199957273838,3977,-0.2884824328806098,4,-0.7979153101413099,3.525646925706887
2022-12-16,43,38,2983,0.058539973084621125,4906,-0.27195815753410607,1,0.29206102141188345,4.846079880284335
2022-12-17,91,38,1903,0.07337408456579766,2992,-0.2553532951161872,4,0.5500243158956134,4.116079696331181
2022-12-18,75,19,1684,0.06524878071112744,3905,-0.23867276600595083,2,-0.6368587598544191,4.850439356525186
2022-12-19,85,36,2459,0.08203339946448564,4292,-0.22192151300416588,2,0.9352647300407905,3.8197183151658782
2022-12-20,18,18,1214,0.09484792783853009,3224,-0.20510449986862012,2,0.14026939724681414,3.272750526587478
2022-12-21,32,32,1706,0.021506914883755245,1675,-0.1882267098432448,4,0.34275139922561554,4.3215611530293465
2022-12-22,16,16,4552,0.016889784947651934,1039,-0.1712931441814778,3,0.7840400580399578,4.112256762330444
2022-12-23,91,36,1608,0.032319890359602504,1575,-0.1543088206642819,2,-0.10949486593392556,3.5973655887233478
2022-12-24,13,13,1815,0.030946770804974252,3644,-0.13727877211326517,3,-0.20845330268777576,4.93540623404717
2022-12-25,29,28,1093,0.02067392666135284,3101,-0.12020804489935363,2,-0.48479790698975267,4.451985708712851
2022-12-26,52,5,4678,0.05360687463674433,1354,-0.10310169744743544,4,1.0390771033983996,4.039961728432358
2022-12-27,58,33,4781,0.07540111889797807,4574,-0.0859647987374467,2,-0.8371728824055491,3.7414485581954384
2022-12-28,40,40,3656,0.059476441866712325,4116,-0.06880242680232064,2,-0.18451460650464138,4.369963566955138
2022-12-29,48,45,2218,0.06619737765396402,1648,-0.05161966722325418,2,-0.524332553260543,3.3542093705706613
2022-12-30,11,11,3732,0.07997467799490945,3765,-0.03442161162274669,4,0.2818437487908503,3.150383263865022
2022-12-31,67,13,3263,0.062183347279947725,1817,-0.01721335615583528,2,-0.39311958684744275,4.568076219045115
